rep,label,t_us,ax,ay,az,gx,gy,gz,roll,pitch
0,hook,511993116.0,9.476,15.72,-8.27,-14.82,-37.13,36.59,134.08,-53.92
0,hook,511998116.0,9.51,17.693,-9.131,-3.66,-44.88,33.96,133.73,-53.58
0,hook,512003116.0,9.754,19.824,-10.151,9.02,-48.54,33.41,133.44,-53.22
0,hook,512008116.0,10.142,21.964,-11.334,22.26,-46.71,34.88,133.23,-52.83
0,hook,512013116.0,10.549,24.028,-12.713,35.06,-35.3,38.96,133.09,-52.37
0,hook,512018116.0,10.511,25.944,-14.121,47.44,-13.11,43.72,133.03,-51.78
0,hook,512023116.0,10.003,27.529,-15.179,58.84,17.62,47.62,133.04,-51.01
0,hook,512028116.0,9.208,28.764,-15.653,68.05,51.95,49.94,133.08,-50.05
0,hook,512033116.0,8.284,29.559,-15.39,75.24,85.79,51.95,133.14,-48.9
0,hook,512038116.0,7.01,29.774,-14.442,82.07,114.21,53.78,133.2,-47.61
0,hook,512043116.0,5.042,29.717,-13.283,90.12,135.06,57.07,133.26,-46.17
0,hook,512048117.0,3.007,29.267,-12.11,97.8,144.94,61.28,133.32,-44.64
0,hook,512053117.0,0.646,29.272,-11.181,105.3,142.74,65.91,133.39,-43.07
0,hook,512058117.0,-1.695,29.176,-10.635,111.04,127.32,72.62,133.47,-41.53
0,hook,512063117.0,-3.888,29.219,-10.568,112.68,101.04,83.84,133.55,-40.06
0,hook,512068117.0,-5.976,29.056,-10.831,109.21,68.17,101.89,133.62,-38.7
0,hook,512073117.0,-7.781,28.213,-11.095,98.72,30.3,125.24,133.66,-37.49
0,hook,512078117.0,-8.94,26.585,-11.186,82.07,-7.56,154.21,133.64,-36.44
0,hook,512083117.0,-9.586,24.148,-11.277,64.39,-39.02,188.17,133.59,-35.5
0,hook,512088117.0,-9.424,21.112,-10.879,48.11,-59.88,224.51,133.5,-34.65
0,hook,512093117.0,-8.801,17.502,-9.481,36.59,-70.91,260.91,133.38,-33.83
0,hook,512098118.0,-7.815,13.182,-7.877,32.62,-71.04,295.18,133.29,-32.96
0,hook,512103118.0,-6.316,7.738,-6.431,34.51,-57.44,325.43,133.38,-31.94
0,hook,512108118.0,-3.361,0.804,-5.152,36.52,-34.21,344.15,134.32,-30.82
0,hook,512113119.0,-0.014,-5.832,-3.931,39.02,0.18,339.51,129.34,-30.2
0,hook,512118119.0,3.089,-11.339,-2.916,42.5,32.38,309.63,124.88,-29.73
0,hook,512123120.0,5.679,-14.873,-0.943,46.28,57.07,242.13,120.73,-29.27
0,hook,512128120.0,6.551,-16.094,1.36,49.33,68.54,176.89,116.86,-28.79
0,hook,512133120.0,5.727,-17.866,3.926,55.24,79.09,121.04,113.24,-28.18
0,hook,512138120.0,3.39,-19.618,5.895,66.46,85.18,87.74,109.83,-27.38
0,hook,512143120.0,0.124,-20.571,7.58,79.02,89.39,81.52,106.63,-26.4
0,hook,512148121.0,-4.027,-21.261,7.93,81.4,84.15,103.41,103.5,-25.26
0,hook,512153121.0,-7.537,-21.256,7.259,64.27,57.01,152.99,100.33,-24.11
0,hook,512158121.0,-11.056,-20.288,5.526,17.87,-0.61,221.04,96.91,-23.07
0,hook,512163121.0,-10.582,-21.351,3.122,-48.96,-93.54,295.67,93.1,-22.55
0,hook,512168121.0,-6.33,-25.216,2.255,-124.82,-174.63,370.49,88.93,-22.67
0,hook,512173121.0,-1.733,-31.402,2.5,-188.84,-225.91,421.1,84.51,-23.26
0,hook,512178121.0,2.562,-37.934,3.328,-228.72,-249.76,435.0,80.0,-24.1
0,hook,512183121.0,6.795,-41.86,5.363,-237.8,-251.04,417.2,75.58,-25.03
0,hook,512188121.0,10.827,-43.579,7.216,-221.77,-227.2,384.82,71.37,-25.92
0,hook,512193121.0,13.953,-42.794,8.284,-186.83,-175.85,345.73,67.45,-26.62
0,hook,512198121.0,15.663,-39.787,8.413,-138.84,-102.8,304.33,63.86,-27.01
0,hook,512203121.0,18.009,-36.459,7.053,-89.33,-21.89,262.44,60.56,-27.09
0,hook,512208122.0,19.642,-32.901,6.364,-49.21,50.55,214.02,57.53,-26.91
0,hook,512213122.0,19.604,-28.788,6.009,-29.09,117.2,162.2,54.67,-26.47
0,hook,512218122.0,19.532,-25.46,6.914,-23.96,168.66,110.37,51.97,-25.85
0,hook,512223122.0,19.048,-23.377,8.15,-23.23,200.24,61.52,49.4,-25.1
0,hook,512228122.0,17.229,-21.069,8.854,-24.7,220.0,16.77,46.94,-24.26
0,hook,512233122.0,15.16,-19.441,10.281,-27.13,222.93,-19.63,44.63,-23.37
0,hook,512238122.0,12.833,-18.306,10.798,-28.17,200.55,-49.09,42.41,-22.55
0,hook,512243122.0,10.985,-17.87,10.573,-26.46,166.95,-71.28,40.24,-21.83
0,hook,512248122.0,9.749,-17.76,10.175,-20.79,132.26,-88.84,38.13,-21.26
0,hook,512253122.0,8.653,-18.426,9.946,-12.07,98.23,-103.41,36.08,-20.8
0,hook,512258122.0,7.269,-18.416,8.739,0.79,69.33,-118.11,34.07,-20.44
0,hook,512263122.0,6.46,-18.613,8.466,16.4,38.66,-132.32,32.16,-20.19
0,hook,512268122.0,4.664,-18.028,7.7,34.45,14.21,-143.72,30.35,-19.99
0,hook,512273122.0,3.385,-18.617,6.431,44.76,-9.94,-150.73,28.54,-19.83
0,hook,512278122.0,2.193,-19.053,4.817,52.99,-29.33,-158.96,26.71,-19.7
0,hook,512283122.0,1.125,-18.44,3.405,60.55,-47.87,-169.33,24.88,-19.61
0,hook,512288122.0,0.828,-18.033,2.37,63.6,-63.35,-178.05,23.05,-19.58
0,hook,512293122.0,0.819,-17.387,1.312,64.88,-73.11,-186.59,21.19,-19.6
0,hook,512298122.0,0.962,-16.826,0.115,64.57,-72.01,-189.82,19.29,-19.63
0,hook,512303122.0,1.269,-16.065,-0.771,67.2,-63.35,-193.17,17.38,-19.64
0,hook,512308122.0,1.355,-15.471,-1.317,68.11,-48.66,-190.79,15.47,-19.58
0,hook,512313122.0,1.69,-14.643,-1.781,67.74,-37.32,-191.83,13.55,-19.51
0,hook,512318122.0,1.911,-13.628,-2.361,65.55,-28.84,-189.88,11.61,-19.41
0,hook,512323122.0,2.088,-12.479,-2.313,59.88,-21.52,-184.88,9.66,-19.32
0,hook,512328122.0,2.289,-11.473,-1.81,51.95,-19.57,-177.62,7.74,-19.25
0,hook,512333122.0,2.346,-10.262,-1.398,43.41,-26.16,-171.77,5.84,-19.25
0,hook,512338122.0,2.753,-9.261,-1.302,35.49,-39.33,-167.07,3.94,-19.38
0,hook,512343122.0,3.361,-7.954,-1.245,30.43,-55.67,-163.05,2.03,-19.72
0,hook,512348122.0,3.792,-6.642,-1.413,27.07,-72.56,-159.7,0.08,-20.27
0,hook,512353122.0,4.142,-5.306,-2.059,24.09,-87.5,-156.52,-2.02,-21.01
0,hook,512358122.0,4.463,-3.965,-2.954,20.85,-98.35,-154.09,-4.42,-21.92
0,hook,512363122.0,4.741,-2.638,-3.816,18.41,-103.17,-153.54,-7.14,-22.89
0,hook,512368122.0,5.004,-1.365,-4.841,15.06,-105.3,-152.68,-10.21,-23.85
0,hook,512373122.0,5.224,-0.192,-5.78,10.79,-103.29,-151.52,-13.52,-24.72
0,hook,512378122.0,5.416,0.929,-6.474,6.65,-97.74,-150.24,-9.78,-25.5
0,hook,512383123.0,5.564,1.997,-7.029,2.13,-89.45,-148.84,-6.29,-26.17
0,hook,512388123.0,5.646,2.993,-7.245,-2.74,-79.09,-147.5,-3.03,-26.75
0,hook,512393124.0,5.454,3.936,-7.293,-7.8,-70.12,-146.28,0.03,-27.23
0,hook,512398124.0,5.219,4.769,-7.245,-12.44,-63.23,-144.21,2.9,-27.61
0,hook,512403124.0,5.21,5.444,-7.226,-17.26,-58.78,-140.55,5.62,-27.95
0,hook,512408124.0,5.301,6.182,-7.36,-21.77,-56.59,-136.4,8.2,-28.24
0,hook,512413124.0,5.449,7.01,-7.494,-25.06,-55.67,-131.65,10.65,-28.51
0,hook,512418124.0,5.353,7.853,-7.748,-31.1,-55.55,-125.12,12.98,-28.73
0,hook,512423124.0,5.952,7.733,-7.987,-31.77,-57.2,-124.21,15.28,-29.0
0,hook,512428124.0,6.244,8.394,-8.399,-37.13,-60.12,-128.6,17.49,-29.27
0,hook,512433124.0,6.426,9.122,-8.954,-48.17,-61.46,-130.18,19.6,-29.52
0,hook,512438124.0,6.383,9.577,-9.486,-59.02,-60.85,-129.45,21.61,-29.73
0,hook,512443124.0,6.124,9.778,-9.989,-69.09,-61.1,-127.62,23.55,-29.91
0,hook,512448124.0,6.163,10.013,-10.228,-81.83,-63.41,-125.24,25.39,-30.09
0,hook,512453124.0,6.115,10.343,-10.386,-95.85,-65.06,-120.61,27.12,-30.26
0,hook,512458124.0,6.005,10.544,-10.353,-108.9,-62.99,-113.23,28.73,-30.41
0,hook,512463124.0,5.942,10.783,-9.931,-120.43,-56.4,-104.02,30.22,-30.51
0,hook,512468124.0,5.923,10.994,-9.131,-130.06,-50.79,-94.27,31.57,-30.6
0,hook,512473124.0,5.851,10.927,-8.38,-135.43,-47.44,-85.37,32.83,-30.68
0,hook,512478124.0,5.871,10.841,-7.776,-136.83,-44.27,-78.11,34.01,-30.76
0,hook,512483124.0,5.895,10.855,-7.235,-133.84,-40.37,-72.87,35.15,-30.83
0,hook,512488124.0,6.014,10.889,-6.718,-127.26,-35.24,-69.02,36.26,-30.89
0,hook,512493124.0,6.12,10.975,-6.412,-118.48,-28.23,-65.91,37.36,-30.93
0,hook,512498124.0,6.129,11.219,-6.129,-107.74,-19.39,-62.93,38.45,-30.91
0,hook,512503124.0,6.053,11.607,-5.957,-94.7,-9.33,-57.68,39.56,-30.84
0,hook,512508124.0,6.033,11.981,-5.942,-81.16,3.17,-49.76,40.7,-30.69
0,hook,512513124.0,6.029,12.158,-6.043,-68.48,17.8,-39.21,41.88,-30.47
0,hook,512518124.0,6.038,12.244,-6.139,-57.38,33.35,-27.01,43.1,-30.17
0,hook,512523124.0,6.273,12.378,-6.302,-47.87,50.06,-14.27,44.34,-29.81
0,hook,512528124.0,6.407,12.684,-6.019,-40.43,65.55,-1.59,45.56,-29.38
0,hook,512533124.0,6.766,12.455,-5.636,-33.96,76.1,8.9,46.77,-28.95
0,hook,512538124.0,7.02,11.981,-5.004,-28.96,78.41,15.18,47.95,-28.55
0,hook,512543124.0,7.106,11.483,-4.683,-23.23,74.51,20.06,49.12,-28.22
0,hook,512548124.0,7.168,11.09,-4.578,-19.63,64.02,22.8,50.29,-27.95
0,hook,512553124.0,7.355,10.678,-4.736,-15.85,51.22,23.05,51.48,-27.79
0,hook,512558124.0,7.542,10.52,-4.99,-14.45,37.32,21.59,52.69,-27.71
0,hook,512563124.0,7.681,10.309,-5.306,-15.43,22.26,20.79,53.91,-27.72
0,hook,512568124.0,7.772,9.878,-5.665,-17.5,8.48,22.5,55.14,-27.81
0,hook,512573124.0,8.102,9.203,-6.096,-20.12,-3.48,25.91,56.41,-27.99
0,hook,512578124.0,8.643,8.428,-6.393,-21.34,-12.26,29.45,57.72,-28.28
0,hook,512583124.0,9.127,7.767,-6.608,-21.77,-17.99,30.73,59.06,-28.64
0,hook,512588124.0,9.553,7.283,-6.814,-21.83,-20.67,29.88,60.44,-29.04
1,hook,516923165.0,5.962,18.215,-9.151,-37.56,-32.68,-24.57,133.26,-48.44
1,hook,516928165.0,5.248,19.992,-9.917,-35.06,-34.02,-24.45,132.75,-47.91
1,hook,516933165.0,4.827,21.797,-10.669,-34.02,-33.17,-24.57,132.25,-47.34
1,hook,516938165.0,4.539,24.052,-11.214,-34.09,-25.73,-24.82,131.74,-46.71
1,hook,516943165.0,4.219,26.47,-10.942,-33.41,-15.55,-26.04,131.19,-46.02
1,hook,516948165.0,3.376,28.721,-10.597,-33.29,-8.78,-27.87,130.61,-45.27
1,hook,516953166.0,1.743,30.655,-10.376,-34.21,-7.32,-29.88,130.0,-44.46
1,hook,516958166.0,-0.508,32.499,-10.104,-36.46,-12.93,-31.4,129.37,-43.62
1,hook,516963166.0,-2.863,34.194,-9.716,-42.99,-23.17,-26.89,128.69,-42.77
1,hook,516968166.0,-5.076,35.549,-8.926,-52.01,-38.17,-15.06,127.94,-41.94
1,hook,516973166.0,-7.513,36.186,-7.623,-58.84,-52.07,3.96,127.13,-41.13
1,hook,516978166.0,-10.233,35.836,-6.177,-60.0,-66.34,29.82,126.29,-40.31
1,hook,516983166.0,-12.833,34.644,-4.659,-53.66,-83.6,63.48,125.45,-39.51
1,hook,516988166.0,-14.404,32.542,-3.754,-40.24,-103.6,108.23,124.68,-38.76
1,hook,516993166.0,-14.782,29.43,-3.558,-20.73,-119.33,160.37,124.02,-38.04
1,hook,516998166.0,-14.135,25.072,-3.443,2.01,-123.6,218.84,123.51,-37.3
1,hook,517003166.0,-12.775,19.388,-3.496,26.52,-117.2,278.72,123.17,-36.47
1,hook,517008166.0,-10.544,12.234,-3.859,53.9,-103.35,332.8,123.12,-35.46
1,hook,517013166.0,-6.948,4.108,-4.899,78.72,-78.23,371.46,123.85,-34.18
1,hook,517018166.0,-3.376,-3.529,-6.244,102.62,-40.12,388.6,118.86,-33.19
1,hook,517023166.0,-0.426,-10.606,-7.427,122.2,1.28,382.13,114.58,-32.48
1,hook,517028166.0,1.03,-16.156,-8.586,134.39,39.76,350.91,110.59,-31.7
1,hook,517033166.0,0.115,-19.474,-9.701,133.54,68.6,305.12,106.7,-30.74
1,hook,517038166.0,-2.054,-21.332,-9.471,116.71,79.57,262.62,102.86,-29.63
1,hook,517043166.0,-4.453,-23.444,-7.968,89.09,59.51,238.48,99.07,-28.55
1,hook,517048166.0,-7.101,-25.814,-6.464,54.7,22.32,237.07,95.27,-27.57
1,hook,517053166.0,-9.567,-28.376,-5.703,16.16,-21.65,255.85,91.42,-26.76
1,hook,517058166.0,-10.621,-31.431,-3.926,-19.7,-62.62,292.32,87.55,-26.16
1,hook,517063166.0,-10.53,-35.223,-1.925,-46.1,-94.15,344.7,83.71,-25.76
1,hook,517068166.0,-8.102,-40.467,-0.359,-60.06,-106.89,406.4,79.93,-25.54
1,hook,517073166.0,-3.706,-44.925,1.211,-55.0,-92.32,465.49,76.3,-25.39
1,hook,517078166.0,2.605,-49.718,2.298,-36.95,-56.4,510.37,72.84,-25.22
1,hook,517083166.0,9.802,-53.18,3.007,-13.48,-6.52,524.82,69.58,-24.96
1,hook,517088166.0,16.06,-53.659,4.128,8.41,60.24,516.83,66.52,-24.49
1,hook,517093166.0,23.822,-52.605,5.076,19.02,146.52,483.05,63.59,-23.77
1,hook,517098166.0,32.001,-49.167,6.211,13.84,260.43,421.71,60.73,-22.68
1,hook,517103166.0,38.575,-42.497,8.595,8.78,407.26,333.35,57.99,-21.06
1,hook,517108166.0,43.637,-35.966,13.34,-1.22,559.51,231.16,55.43,-18.87
1,hook,517113166.0,47.597,-31.072,18.799,-7.26,672.99,116.28,53.11,-16.25
1,hook,517118166.0,46.471,-29.904,26.145,0.79,737.93,9.94,51.08,-13.3
1,hook,517123166.0,37.01,-29.238,32.729,45.61,723.78,-89.02,49.44,-10.29
1,hook,517128166.0,22.204,-26.705,34.4,120.06,644.63,-175.18,48.29,-7.46
1,hook,517133166.0,9.711,-21.102,33.677,212.5,509.82,-229.27,47.72,-5.09
1,hook,517138166.0,2.974,-16.008,27.347,268.72,343.84,-236.71,47.47,-3.41
1,hook,517143166.0,0.67,-13.848,19.01,281.77,178.35,-216.65,47.18,-2.5
1,hook,517148166.0,-0.656,-14.174,12.435,248.23,23.54,-200.24,46.48,-2.3
1,hook,517153166.0,-1.757,-16.175,8.088,192.8,-113.11,-201.71,45.23,-2.7
1,hook,517158166.0,-3.112,-17.257,6.278,126.65,-222.26,-201.95,43.54,-3.54
1,hook,517163166.0,-3.816,-17.449,6.622,72.01,-311.46,-205.61,41.64,-4.76
1,hook,517168166.0,-4.42,-17.607,6.187,30.12,-390.24,-199.57,39.54,-6.31
1,hook,517173166.0,-4.348,-19.12,5.262,1.77,-448.96,-184.7,37.27,-8.14
1,hook,517178166.0,-3.251,-21.356,3.462,-8.05,-485.24,-179.21,34.87,-10.18
1,hook,517183166.0,-2.246,-22.544,0.69,-17.2,-495.37,-184.02,32.32,-12.29
1,hook,517188166.0,-1.748,-23.133,-2.246,-15.43,-471.22,-194.45,29.69,-14.27
1,hook,517193166.0,-2.131,-21.945,-4.496,-10.3,-416.95,-210.43,27.01,-15.92
1,hook,517198166.0,-1.676,-19.652,-5.31,-11.4,-352.56,-223.84,24.32,-17.23
1,hook,517203166.0,-0.512,-18.488,-4.966,-9.76,-294.02,-230.73,21.68,-18.3
1,hook,517208166.0,-0.704,-17.612,-3.869,-3.11,-234.45,-235.0,19.18,-19.04
1,hook,517213166.0,-1.709,-15.874,-3.448,17.74,-182.01,-238.29,16.84,-19.43
1,hook,517218166.0,-2.801,-13.364,-4.099,47.87,-137.87,-235.73,14.6,-19.49
1,hook,517223166.0,-4.305,-10.151,-5.023,74.82,-104.88,-222.26,12.35,-19.2
1,hook,517228166.0,-5.267,-7.14,-5.837,88.72,-90.85,-197.93,9.95,-18.66
1,hook,517233166.0,-4.707,-4.961,-5.89,88.84,-97.56,-166.77,7.39,-18.14
1,hook,517238166.0,-3.587,-3.601,-6.852,78.54,-122.32,-137.87,4.58,-17.88
1,hook,517243166.0,-2.131,-2.768,-7.906,62.2,-148.72,-116.59,1.58,-17.96
1,hook,517248166.0,-0.254,-2.164,-8.504,43.05,-175.3,-103.05,-1.56,-18.43
1,hook,517253166.0,1.666,-1.978,-8.978,23.05,-198.72,-97.44,-4.76,-19.24
1,hook,517258166.0,3.28,-1.911,-9.773,5.49,-214.02,-99.02,-8.02,-20.27
1,hook,517263166.0,4.372,-1.571,-10.597,-9.33,-218.66,-105.61,-11.34,-21.38
1,hook,517268166.0,4.788,-0.886,-11.339,-22.5,-215.0,-113.05,-14.73,-22.46
1,hook,517273166.0,4.951,-0.153,-11.789,-35.0,-204.51,-118.29,-18.19,-23.47
1,hook,517278166.0,4.879,0.881,-12.005,-45.55,-188.41,-120.49,-14.54,-24.37
1,hook,517283166.0,4.506,2.116,-11.875,-53.54,-169.7,-119.82,-11.11,-25.12
1,hook,517288166.0,4.659,3.108,-11.387,-59.15,-153.66,-118.54,-7.88,-25.8
1,hook,517293166.0,4.458,4.482,-10.913,-63.29,-135.49,-115.49,-4.88,-26.36
1,hook,517298166.0,4.195,5.435,-10.515,-63.66,-119.88,-112.5,-2.04,-26.81
1,hook,517303166.0,3.898,6.258,-10.247,-66.22,-110.43,-107.99,0.64,-27.18
1,hook,517308166.0,3.984,6.972,-10.257,-67.68,-101.34,-101.16,3.22,-27.49
1,hook,517313166.0,4.223,7.642,-10.209,-66.16,-89.02,-92.8,5.69,-27.74
1,hook,517318166.0,4.324,8.389,-10.113,-62.93,-75.12,-85.24,8.08,-27.92
1,hook,517323166.0,4.482,8.902,-9.701,-59.94,-65.24,-80.3,10.37,-28.06
1,hook,517328166.0,4.592,9.232,-9.582,-55.12,-58.72,-75.43,12.61,-28.16
1,hook,517333166.0,4.683,9.347,-9.72,-53.78,-54.94,-69.76,14.82,-28.25
1,hook,517338166.0,4.678,9.328,-9.893,-52.32,-49.94,-64.7,17.0,-28.31
1,hook,517343166.0,4.879,9.146,-10.056,-50.55,-40.79,-58.11,19.17,-28.34
1,hook,517348166.0,5.339,8.93,-10.065,-49.09,-27.32,-51.16,21.31,-28.34
1,hook,517353166.0,5.775,8.835,-9.84,-48.05,-11.71,-46.22,23.41,-28.3
1,hook,517358166.0,6.076,8.863,-9.476,-45.73,5.61,-44.27,25.46,-28.21
1,hook,517363166.0,6.148,8.954,-9.036,-42.2,23.66,-43.78,27.45,-28.05
1,hook,517368166.0,6.268,9.026,-8.509,-37.74,41.77,-43.6,29.38,-27.82
1,hook,517373166.0,6.378,9.036,-7.968,-32.01,58.84,-43.17,31.26,-27.53
1,hook,517378166.0,6.297,9.428,-7.561,-26.34,74.51,-40.3,33.08,-27.16
1,hook,517383166.0,6.517,9.194,-7.015,-19.21,88.23,-37.74,34.87,-26.78
1,hook,517388166.0,6.938,8.983,-6.503,-12.87,96.52,-39.82,36.63,-26.41
1,hook,517393166.0,7.087,9.108,-6.182,-7.8,100.67,-41.04,38.34,-26.04
1,hook,517398166.0,7.144,9.088,-5.866,-2.62,101.89,-42.62,40.02,-25.69
1,hook,517403166.0,7.077,9.189,-5.732,2.2,98.72,-45.67,41.67,-25.36
1,hook,517408166.0,7.101,9.404,-5.612,4.21,90.91,-50.12,43.27,-25.06
1,hook,517413166.0,7.044,9.835,-5.717,1.59,79.63,-52.26,44.82,-24.81
1,hook,517418166.0,6.8,10.027,-5.952,0.49,68.96,-51.34,46.34,-24.58
1,hook,517423166.0,6.551,10.137,-6.038,1.83,58.6,-48.17,47.84,-24.38
1,hook,517428166.0,6.474,10.372,-6.029,1.65,49.21,-45.98,49.29,-24.22
1,hook,517433166.0,6.503,10.554,-6.177,1.59,39.82,-42.01,50.72,-24.1
1,hook,517438166.0,6.455,10.683,-6.488,1.28,31.83,-35.91,52.14,-24.01
1,hook,517443166.0,6.421,10.879,-6.852,-0.24,24.39,-29.76,53.54,-23.94
1,hook,517448166.0,6.445,11.439,-7.513,-6.1,18.41,-22.32,54.9,-23.87
1,hook,517453166.0,6.823,11.262,-8.164,-9.7,15.79,-16.22,56.28,-23.84
1,hook,517458166.0,7.24,11.133,-8.514,-18.05,16.34,-11.28,57.61,-23.83
1,hook,517463166.0,7.685,10.635,-8.375,-20.43,25.3,-7.13,58.92,-23.82
1,hook,517468166.0,7.748,10.376,-7.685,-20.55,37.07,-4.39,60.17,-23.78
1,hook,517473166.0,7.738,10.099,-7.034,-21.34,45.37,-3.41,61.36,-23.73
1,hook,517478166.0,7.781,9.811,-6.551,-19.94,50.98,-4.51,62.51,-23.67
1,hook,517483166.0,7.714,9.462,-6.225,-15.24,56.89,-5.73,63.66,-23.61
1,hook,517488166.0,7.523,9.141,-5.837,-8.48,62.01,-6.16,64.79,-23.52
1,hook,517493166.0,7.365,8.839,-5.588,-1.46,63.78,-6.28,65.93,-23.44
1,hook,517498166.0,7.283,8.566,-5.497,5.3,62.07,-7.01,67.1,-23.38
1,hook,517503166.0,7.274,8.341,-5.54,11.77,58.35,-7.32,68.28,-23.35
1,hook,517508166.0,7.23,8.121,-5.617,17.13,54.33,-6.71,69.5,-23.34
1,hook,517513166.0,7.23,7.882,-5.923,21.04,49.94,-5.0,70.75,-23.35
2,hook,521593188.0,2.571,22.707,-14.954,14.76,33.78,-6.16,133.04,-48.14
2,hook,521598188.0,0.939,23.118,-15.189,17.99,62.38,12.93,132.93,-46.91
2,hook,521603188.0,-0.326,23.396,-15.591,17.07,85.79,37.56,132.83,-45.54
2,hook,521608188.0,-0.876,23.118,-15.098,13.11,100.3,59.51,132.7,-44.1
2,hook,521613188.0,-1.719,22.702,-14.887,10.12,109.15,80.06,132.56,-42.61
2,hook,521618188.0,-2.246,22.122,-14.365,9.94,116.4,97.93,132.42,-41.09
2,hook,521623188.0,-2.739,21.414,-13.958,11.16,119.88,112.32,132.29,-39.56
2,hook,521628188.0,-3.16,20.791,-13.676,12.68,119.15,124.15,132.17,-38.04
2,hook,521633188.0,-3.859,20.202,-13.422,13.84,116.16,134.51,132.07,-36.53
2,hook,521638188.0,-4.717,19.407,-13.331,14.63,110.12,144.21,131.99,-35.03
2,hook,521643188.0,-5.698,18.656,-13.192,16.1,103.11,154.39,131.93,-33.54
2,hook,521648188.0,-6.737,17.846,-13.072,18.11,96.46,168.72,131.9,-32.06
2,hook,521653188.0,-7.254,16.692,-13.288,18.6,93.84,187.74,131.93,-30.58
2,hook,521658188.0,-7.609,15.112,-13.35,16.95,95.49,210.67,132.0,-29.09
2,hook,521663188.0,-7.159,12.445,-13.297,11.59,97.68,233.11,132.16,-27.6
2,hook,521668188.0,-5.966,9.175,-13.465,0.67,104.21,251.16,132.43,-26.14
2,hook,521673188.0,-4.343,6.201,-12.929,-12.44,111.34,260.06,132.81,-24.73
2,hook,521678188.0,-2.83,3.256,-12.254,-31.46,118.11,259.57,133.3,-23.41
2,hook,521683188.0,-2.073,0.527,-11.329,-55.79,126.83,250.73,133.91,-22.11
2,hook,521688188.0,-1.896,-1.93,-9.505,-81.89,137.5,238.84,127.46,-20.77
2,hook,521693188.0,-2.629,-4.195,-6.718,-106.16,148.41,227.93,121.43,-19.26
2,hook,521698188.0,-3.567,-7.197,-3.553,-125.18,150.79,220.98,116.06,-17.66
2,hook,521703188.0,-4.147,-10.817,-0.603,-137.56,142.74,214.94,111.2,-16.19
2,hook,521708188.0,-4.831,-14.657,1.393,-141.77,132.38,206.65,106.59,-14.85
2,hook,521713188.0,-6.862,-17.693,3.831,-137.26,122.07,198.23,102.23,-13.54
2,hook,521718188.0,-8.562,-20.801,5.492,-127.13,114.7,198.84,98.06,-12.27
2,hook,521723188.0,-9.835,-24.306,6.498,-111.04,111.04,208.29,94.05,-11.06
2,hook,521728188.0,-10.218,-28.309,7.235,-97.5,115.55,222.68,90.18,-9.89
2,hook,521733188.0,-10.041,-32.446,8.332,-85.85,126.28,241.04,86.45,-8.73
2,hook,521738188.0,-8.543,-36.454,9.874,-77.32,135.12,265.67,82.84,-7.64
2,hook,521743188.0,-5.866,-39.571,10.688,-72.87,138.6,292.62,79.33,-6.65
2,hook,521748188.0,-2.84,-40.764,11.047,-75.0,138.78,317.87,75.88,-5.76
2,hook,521753188.0,0.029,-40.596,11.76,-83.78,131.83,344.02,72.47,-5.0
2,hook,521758188.0,4.29,-40.395,11.856,-98.23,117.26,374.7,69.07,-4.44
2,hook,521763188.0,9.668,-40.357,12.191,-111.89,109.7,398.66,65.68,-4.07
2,hook,521768188.0,15.553,-40.151,12.139,-118.48,107.74,402.8,62.32,-3.87
2,hook,521773188.0,19.57,-38.255,11.842,-126.65,113.96,380.3,59.0,-3.75
2,hook,521778188.0,23.803,-35.319,12.028,-135.43,122.62,334.45,55.73,-3.73
2,hook,521783188.0,29.248,-31.848,11.281,-143.84,139.76,274.63,52.5,-3.79
2,hook,521788188.0,35.061,-27.505,11.09,-167.01,184.94,199.51,49.27,-3.8
2,hook,521793188.0,38.389,-22.97,12.56,-192.32,236.04,118.6,46.12,-3.68
2,hook,521798188.0,42.703,-23.741,21.596,-187.32,237.13,51.83,43.32,-3.51
2,hook,521803188.0,36.722,-22.922,29.023,-122.87,240.91,-3.66,41.09,-3.15
2,hook,521808188.0,27.179,-18.771,29.951,-72.74,197.44,-60.91,39.27,-2.87
2,hook,521813188.0,16.893,-13.398,25.656,-21.16,125.43,-104.76,37.83,-2.81
2,hook,521818188.0,8.954,-8.6,22.051,22.93,57.56,-125.12,36.76,-2.88
2,hook,521823188.0,3.697,-5.176,17.851,35.91,-6.59,-118.96,35.87,-3.08
2,hook,521828188.0,3.4,-4.626,14.571,28.72,-68.35,-104.94,34.95,-3.61
2,hook,521833188.0,3.812,-4.913,11.267,22.8,-109.7,-98.96,33.89,-4.42
2,hook,521838188.0,4.606,-5.545,10.209,25.67,-132.01,-98.05,32.76,-5.41
2,hook,521843188.0,4.439,-5.401,9.242,33.29,-141.28,-96.34,31.67,-6.44
2,hook,521848188.0,4.884,-5.88,7.441,44.57,-138.9,-91.22,30.49,-7.54
2,hook,521853188.0,5.746,-6.747,5.473,56.46,-130.06,-87.26,29.13,-8.7
2,hook,521858188.0,6.78,-8.188,3.864,74.63,-102.87,-88.17,27.62,-9.76
2,hook,521863188.0,7.733,-9.227,2.193,81.71,-76.83,-96.22,25.94,-10.73
2,hook,521868188.0,7.681,-9.936,0.067,86.52,-55.37,-110.98,24.05,-11.54
2,hook,521873188.0,7.264,-10.405,-1.566,80.55,-37.38,-126.16,21.99,-12.18
2,hook,521878188.0,6.45,-10.343,-2.643,68.54,-31.46,-136.46,19.8,-12.72
2,hook,521883188.0,5.938,-10.458,-2.83,55.73,-31.16,-141.52,17.58,-13.19
2,hook,521888188.0,4.899,-9.778,-3.352,41.22,-35.06,-142.38,15.25,-13.6
2,hook,521893188.0,4.587,-9.443,-3.017,29.39,-44.45,-138.29,12.93,-14.05
2,hook,521898188.0,4.501,-9.079,-2.404,21.04,-54.7,-132.74,10.68,-14.55
2,hook,521903188.0,4.305,-8.801,-1.724,18.35,-63.96,-126.95,8.53,-15.08
2,hook,521908188.0,4.195,-8.49,-1.317,21.22,-71.95,-121.46,6.49,-15.65
2,hook,521913188.0,3.836,-8.083,-0.795,26.89,-77.32,-115.12,4.58,-16.22
2,hook,521918188.0,3.179,-7.202,-0.436,36.95,-82.68,-107.13,2.8,-16.78
2,hook,521923188.0,2.543,-6.397,-0.417,45.24,-91.1,-95.67,1.09,-17.32
2,hook,521928188.0,1.944,-5.751,-1.034,50.55,-100.79,-81.89,-0.69,-17.84
2,hook,521933188.0,1.595,-5.373,-1.595,53.05,-110.18,-65.73,-2.54,-18.34
2,hook,521938188.0,1.58,-5.061,-2.184,54.51,-117.8,-48.78,-4.49,-18.87
2,hook,521943188.0,1.958,-5.243,-2.452,54.88,-124.27,-31.89,-6.43,-19.48
2,hook,521948188.0,2.207,-5.315,-3.084,54.51,-128.29,-17.5,-8.44,-20.11
2,hook,521953188.0,2.935,-6.009,-3.539,51.16,-140.55,-6.4,-10.43,-20.85
2,hook,521958188.0,3.582,-6.914,-4.453,45.73,-143.72,-0.43,-12.45,-21.61
2,hook,521963188.0,5.104,-8.241,-5.334,39.94,-144.33,0.3,-14.47,-22.44
2,hook,521968188.0,6.819,-9.045,-6.268,33.35,-147.26,-9.82,-16.51,-23.34
2,hook,521973188.0,7.843,-8.748,-7.149,26.71,-150.3,-29.39,-18.63,-24.31
2,hook,521978188.0,8.255,-7.839,-7.321,21.59,-152.8,-53.23,-20.82,-25.32
2,hook,521983188.0,8.207,-6.857,-7.178,15.79,-152.56,-74.15,-23.05,-26.36
2,hook,521988188.0,7.776,-5.832,-7.106,8.17,-144.09,-88.84,-25.36,-27.34
2,hook,521993188.0,7.733,-5.195,-6.79,4.15,-130.61,-92.87,-27.68,-28.28
2,hook,521998188.0,7.594,-4.903,-6.464,2.99,-113.72,-93.66,-29.97,-29.13
2,hook,522003188.0,7.503,-4.803,-5.899,3.41,-95.43,-91.71,-32.17,-29.91
2,hook,522008188.0,7.503,-4.784,-5.387,4.57,-78.11,-87.8,-34.27,-30.61
2,hook,522013188.0,8.035,-4.812,-5.521,8.17,-60.67,-81.04,-36.33,-31.25
2,hook,522018188.0,7.614,-3.759,-4.673,5.06,-53.17,-75.67,-38.4,-31.92
2,hook,522023188.0,8.097,-3.534,-4.769,13.41,-49.09,-72.38,-40.44,-32.6
2,hook,522028188.0,8.116,-2.27,-4.678,10.12,-54.09,-74.88,-42.66,-33.36
2,hook,522033188.0,8.155,-1.906,-4.851,5.61,-65.79,-76.4,-44.95,-34.16
2,hook,522038188.0,8.389,-2.045,-5.315,-0.55,-76.34,-81.28,-47.23,-34.97
2,hook,522043188.0,8.586,-2.045,-5.918,-7.01,-82.99,-86.46,-49.54,-35.76
2,hook,522048188.0,9.175,-2.002,-6.445,-11.77,-82.62,-91.1,-51.86,-36.52
2,hook,522053188.0,9.907,-1.762,-6.723,-15.43,-75.79,-96.28,-54.21,-37.26
2,hook,522058188.0,10.281,-1.456,-6.828,-17.2,-65.37,-101.71,-56.57,-37.95
2,hook,522063188.0,10.29,-1.178,-6.857,-18.41,-50.55,-105.55,-58.93,-38.56
2,hook,522068188.0,10.247,-1.006,-6.507,-17.74,-29.51,-105.91,-61.26,-39.08
2,hook,522073188.0,10.06,-0.824,-6.005,-13.72,-4.76,-103.05,-63.55,-39.5
2,hook,522078188.0,9.936,-0.517,-5.325,-7.32,20.3,-98.66,-65.8,-39.84
2,hook,522083188.0,9.998,-0.168,-4.836,-0.79,43.72,-93.6,-68.05,-40.11
2,hook,522088188.0,10.151,0.306,-4.281,5.55,65.43,-88.6,-63.14,-40.33
2,hook,522093188.0,10.18,0.9,-3.558,11.28,81.04,-83.05,-58.51,-40.53
2,hook,522098188.0,10.242,1.322,-2.806,13.96,89.63,-78.35,-54.18,-40.75
2,hook,522103188.0,10.429,1.484,-2.203,13.48,92.62,-74.7,-50.11,-40.99
2,hook,522108188.0,10.223,1.963,-1.508,11.71,87.62,-74.51,-46.5,-41.27
2,hook,522113188.0,10.209,1.982,-0.924,11.59,74.21,-72.5,-43.21,-41.64
2,hook,522118188.0,10.525,1.69,-0.718,11.52,53.17,-73.11,-40.03,-42.15
2,hook,522123188.0,10.932,1.456,-0.986,8.6,27.07,-76.28,-36.7,-42.79
2,hook,522128188.0,11.195,1.264,-1.844,4.88,2.68,-81.34,-33.03,-43.5
2,hook,522133189.0,11.358,1.034,-2.816,1.95,-13.35,-90.79,-29.17,-44.19
2,hook,522138189.0,10.989,1.59,-3.524,0.37,-23.17,-106.34,-25.47,-44.84
2,hook,522143189.0,10.242,2.734,-3.903,-8.23,-30.55,-111.95,-22.1,-45.39
2,hook,522148189.0,9.759,3.314,-4.29,-16.65,-35.37,-112.01,-18.89,-45.88
2,hook,522153189.0,9.328,3.816,-4.506,-22.26,-36.52,-107.2,-15.83,-46.29
2,hook,522158189.0,9.227,3.979,-4.544,-21.83,-32.32,-103.29,-12.84,-46.66
2,hook,522163189.0,9.299,4.305,-4.338,-17.93,-23.54,-101.22,-9.97,-46.97
2,hook,522168189.0,9.304,4.779,-4.051,-14.45,-11.59,-96.59,-7.24,-47.21
2,hook,522173189.0,9.184,5.291,-3.912,-11.04,0.85,-90.73,-4.62,-47.35
2,hook,522178189.0,8.969,5.823,-3.773,-7.8,12.13,-85.73,-2.1,-47.39
2,hook,522183189.0,8.763,6.373,-3.658,-5.67,21.65,-81.59,0.31,-47.34
2,hook,522188190.0,8.566,6.857,-3.328,-5.3,28.66,-79.27,2.59,-47.22
2,hook,522193190.0,8.198,7.135,-2.653,-5.98,31.95,-77.26,4.72,-47.06
2,hook,522198190.0,7.939,6.948,-1.911,-6.52,31.71,-73.96,6.7,-46.92
2,hook,522203190.0,7.714,6.862,-1.336,-5.24,30.0,-70.55,8.56,-46.79
3,hook,526018215.0,8.528,3.931,-4.429,-0.18,2.44,4.63,137.53,-57.22
3,hook,526023215.0,8.552,3.95,-4.453,0.0,3.54,4.7,137.55,-57.16
3,hook,526028215.0,8.557,3.994,-4.525,0.0,3.96,4.51,137.57,-57.09
3,hook,526033215.0,8.519,4.032,-4.559,-0.24,5.0,4.7,137.59,-57.01
3,hook,526038215.0,8.509,4.061,-4.53,-0.55,6.4,4.94,137.6,-56.93
3,hook,526043215.0,8.456,4.147,-4.501,-0.91,7.62,5.06,137.59,-56.84
3,hook,526048215.0,8.399,4.199,-4.515,-1.34,8.66,5.49,137.57,-56.73
3,hook,526053215.0,8.384,4.209,-4.487,-1.4,10.3,6.34,137.55,-56.62
3,hook,526058215.0,8.365,4.233,-4.492,-1.16,11.95,6.95,137.53,-56.5
3,hook,526063215.0,8.341,4.372,-4.559,-0.85,13.41,7.99,137.5,-56.36
3,hook,526068215.0,8.337,4.439,-4.611,-0.61,14.7,9.02,137.46,-56.21
3,hook,526073215.0,8.361,4.597,-4.808,-0.98,17.26,10.49,137.44,-56.04
3,hook,526078215.0,8.413,4.75,-4.779,-1.34,20.49,11.95,137.38,-55.84
3,hook,526083215.0,8.365,4.87,-4.899,-1.95,22.99,13.48,137.33,-55.62
3,hook,526088215.0,8.327,4.999,-4.975,-2.74,25.55,14.94,137.27,-55.38
3,hook,526093215.0,8.26,5.325,-5.042,-3.23,26.34,16.77,137.17,-55.11
3,hook,526098215.0,8.083,5.464,-5.215,-3.54,25.79,18.6,137.09,-54.82
3,hook,526103215.0,7.767,5.574,-5.473,-3.29,20.37,20.12,137.02,-54.52
3,hook,526108215.0,7.618,6.292,-6.527,-4.15,16.65,23.41,136.98,-54.15
3,hook,526113215.0,7.417,7.005,-6.871,-8.41,9.02,26.16,136.89,-53.76
3,hook,526118215.0,6.967,7.503,-7.796,-16.04,-4.82,30.24,136.79,-53.37
3,hook,526123215.0,7.365,8.236,-8.906,-26.83,-17.13,35.12,136.67,-53.01
3,hook,526128215.0,7.748,9.093,-9.869,-39.15,-26.95,41.77,136.49,-52.68
3,hook,526133215.0,8.145,9.821,-10.544,-54.33,-34.45,48.41,136.24,-52.39
3,hook,526138215.0,8.701,10.439,-10.635,-68.41,-37.68,51.89,135.89,-52.13
3,hook,526143215.0,9.175,11.147,-10.4,-77.99,-34.76,51.59,135.45,-51.88
3,hook,526148215.0,9.433,11.665,-10.262,-82.44,-33.48,48.41,134.96,-51.63
3,hook,526153215.0,9.17,12.632,-10.343,-80.98,-31.34,41.95,134.45,-51.34
3,hook,526158215.0,8.351,13.805,-10.491,-73.6,-25.49,32.87,133.95,-50.95
3,hook,526163215.0,7.427,15.165,-11.013,-64.57,-18.6,25.12,133.47,-50.45
3,hook,526168215.0,6.488,16.846,-11.751,-55.06,-6.71,21.52,133.03,-49.83
3,hook,526173215.0,5.425,18.258,-12.287,-46.52,9.63,23.9,132.62,-49.06
3,hook,526178215.0,4.731,19.321,-12.651,-39.82,27.26,29.57,132.24,-48.18
3,hook,526183215.0,4.104,20.461,-12.847,-31.52,43.54,36.04,131.88,-47.19
3,hook,526188215.0,3.716,21.763,-12.962,-22.44,56.52,42.5,131.55,-46.14
3,hook,526193215.0,3.649,23.358,-12.929,-13.96,63.29,48.78,131.23,-45.06
3,hook,526198215.0,4.056,25.216,-12.661,-7.13,64.94,55.91,130.9,-44.01
3,hook,526203215.0,4.616,26.825,-12.617,-2.74,61.89,63.41,130.57,-43.0
3,hook,526208215.0,5.205,28.438,-12.33,-0.06,58.29,69.88,130.23,-42.04
3,hook,526213215.0,5.526,29.521,-12.043,0.73,51.71,76.59,129.87,-41.15
3,hook,526218215.0,5.406,30.162,-11.708,-1.28,40.98,84.63,129.49,-40.31
3,hook,526223215.0,4.855,30.028,-11.411,-6.16,26.1,95.43,129.09,-39.55
3,hook,526228215.0,4.86,28.587,-11.258,-14.45,7.68,106.04,128.67,-38.9
3,hook,526233215.0,4.76,27.371,-11.31,-23.48,-12.62,112.26,128.23,-38.37
3,hook,526238215.0,4.769,26.494,-11.53,-32.68,-30.18,114.82,127.77,-37.94
3,hook,526248215.0,4.444,24.622,-11.545,-51.95,-53.9,112.93,126.79,-37.29
3,hook,526253215.0,4.099,23.65,-11.43,-62.13,-60.73,112.44,126.27,-37.02
3,hook,526258215.0,3.591,22.716,-10.745,-71.04,-60.61,114.39,125.7,-36.74
3,hook,526263215.0,2.591,21.399,-9.002,-75.55,-55.79,119.7,125.07,-36.41
3,hook,526268215.0,1.25,19.632,-6.977,-72.74,-52.26,128.66,124.41,-36.0
3,hook,526273216.0,0.235,17.492,-4.985,-61.65,-46.16,139.94,123.73,-35.52
3,hook,526278216.0,-0.426,14.743,-3.242,-42.44,-34.02,152.93,123.1,-34.95
3,hook,526283217.0,-1.039,11.516,-2.045,-15.91,-17.8,166.59,122.56,-34.23
3,hook,526288218.0,-1.915,8.164,-1.542,13.78,-3.17,175.12,122.19,-33.31
3,hook,526293219.0,-2.969,4.506,-1.403,38.78,8.35,177.56,122.08,-31.95
3,hook,526298220.0,-4.314,0.613,-1.039,58.6,17.44,174.82,122.92,-29.74
3,hook,526303220.0,-6.144,-3.472,-1.188,72.13,23.6,171.95,118.64,-27.85
3,hook,526308220.0,-8.763,-7.36,-2.002,77.74,32.32,172.01,114.54,-26.15
3,hook,526313220.0,-11.55,-10.501,-2.442,71.83,41.52,177.5,110.54,-24.49
3,hook,526318220.0,-15.285,-12.91,-3.247,51.04,44.76,198.29,106.5,-22.8
3,hook,526323220.0,-19.834,-15.323,-4.745,12.99,37.32,232.74,102.29,-21.14
3,hook,526328220.0,-23.439,-18.699,-5.722,-53.29,16.46,290.18,97.84,-19.63
3,hook,526333220.0,-24.287,-24.234,-4.506,-131.4,-5.0,361.46,93.23,-18.37
3,hook,526338220.0,-23.506,-31.805,-1.657,-199.45,-24.21,427.07,88.53,-17.4
3,hook,526343220.0,-22.338,-40.069,2.768,-243.48,-42.2,478.78,83.84,-16.67
3,hook,526348221.0,-21.112,-48.736,7.906,-252.56,-62.56,517.87,79.31,-16.18
3,hook,526353221.0,-19.364,-56.824,11.353,-229.82,-85.49,553.78,75.02,-15.91
3,hook,526358221.0,-16.17,-63.518,13.015,-189.76,-109.7,587.99,71.03,-15.85
3,hook,526363222.0,-9.639,-67.842,12.378,-145.55,-134.76,613.6,67.3,-16.03
3,hook,526368223.0,-0.599,-68.407,9.246,-106.59,-139.57,621.95,63.78,-16.39
3,hook,526373223.0,10.003,-66.233,4.784,-81.59,-134.88,606.28,60.39,-16.89
3,hook,526378223.0,19.479,-60.401,-0.311,-68.72,-105.67,561.95,57.04,-17.43
3,hook,526383223.0,34.108,-53.63,-5.516,-61.65,-49.7,498.11,53.68,-17.97
3,hook,526388223.0,53.324,-43.388,-7.374,-93.54,82.5,417.07,50.16,-18.22
3,hook,526393223.0,69.537,-35.765,1.326,-149.15,266.28,330.85,46.66,-17.8
3,hook,526398223.0,71.017,-36.138,10.75,-180.73,430.06,199.7,43.38,-16.58
3,hook,526403223.0,52.648,-35.918,21.064,-153.72,548.05,5.12,40.56,-14.6
3,hook,526408223.0,26.418,-29.09,29.501,-68.6,576.1,-189.63,38.52,-12.13
3,hook,526413223.0,5.775,-18.962,34.414,41.95,510.06,-296.52,37.38,-9.56
3,hook,526418223.0,-4.324,-10.276,32.327,137.44,377.07,-295.06,36.96,-7.37
3,hook,526423223.0,-8.638,-5.602,24.565,197.56,234.88,-238.72,36.93,-5.7
3,hook,526428223.0,-8.801,-5.823,15.347,210.18,91.52,-180.85,36.8,-4.57
3,hook,526433223.0,-6.254,-7.848,8.691,189.45,-36.95,-149.39,36.15,-4.1
3,hook,526438223.0,-3.395,-10.721,3.826,148.84,-137.26,-133.35,34.75,-4.36
3,hook,526443223.0,-0.086,-13.771,0.35,105.3,-199.88,-128.84,32.8,-5.24
3,hook,526448223.0,2.437,-15.663,-1.997,72.2,-228.05,-132.74,30.56,-6.43
3,hook,526453223.0,3.926,-16.534,-3.127,47.38,-236.71,-145.0,28.16,-7.72
3,hook,526458223.0,4.319,-16.577,-3.826,31.65,-235.98,-161.65,25.69,-9.01
3,hook,526463223.0,3.984,-16.568,-4.319,23.84,-227.8,-177.26,23.2,-10.21
3,hook,526468223.0,3.189,-16.486,-4.879,22.68,-219.33,-189.15,20.72,-11.29
3,hook,526473223.0,2.088,-16.214,-5.555,27.2,-216.83,-198.11,18.26,-12.26
3,hook,526478223.0,1.245,-15.663,-6.445,32.44,-222.44,-205.91,15.81,-13.19
3,hook,526483223.0,0.34,-14.528,-7.791,34.27,-232.32,-210.79,13.3,-14.09
3,hook,526488223.0,0.35,-13.858,-9.481,31.4,-235.55,-210.98,10.7,-14.99
3,hook,526493223.0,0.057,-12.833,-10.491,25.3,-237.32,-206.46,8.02,-15.85
3,hook,526498223.0,0.01,-12.009,-11.387,25.49,-227.13,-196.46,5.32,-16.65
3,hook,526503223.0,0.263,-10.731,-12.158,13.05,-220.18,-190.06,2.5,-17.42
3,hook,526508223.0,0.503,-9.16,-12.814,2.44,-211.59,-181.71,-0.42,-18.14
3,hook,526513223.0,1.226,-7.944,-13.082,-10.18,-193.6,-167.68,-3.44,-18.82
3,hook,526518223.0,2.591,-7.173,-13.455,-26.95,-169.88,-154.09,-6.54,-19.47
3,hook,526523223.0,3.979,-6.948,-13.307,-33.66,-139.02,-147.2,-9.62,-20.06
3,hook,526528223.0,5.009,-6.819,-12.589,-34.94,-99.33,-145.3,-12.63,-20.53
3,hook,526533223.0,5.708,-6.555,-11.65,-30.55,-63.84,-146.83,-15.54,-20.89
3,hook,526538223.0,5.995,-6.302,-10.956,-21.4,-32.13,-149.45,-18.34,-21.14
3,hook,526543223.0,6.196,-5.923,-9.701,-2.13,7.8,-150.55,-20.96,-21.25
3,hook,526548223.0,6.254,-5.454,-8.878,14.09,36.77,-150.67,-23.44,-21.26
3,hook,526553223.0,6.091,-4.784,-8.408,26.04,60.3,-150.55,-25.85,-21.19
3,hook,526558223.0,5.976,-4.003,-7.767,33.72,73.9,-147.87,-28.22,-21.09
3,hook,526563223.0,5.746,-3.117,-7.278,38.41,74.09,-146.89,-30.6,-21.02
3,hook,526568223.0,5.488,-1.982,-7.159,36.95,61.83,-146.1,-33.1,-21.03
3,hook,526573223.0,5.488,-0.934,-7.187,29.63,40.49,-142.62,-35.75,-21.15
3,hook,526578223.0,6.115,-0.685,-7.441,19.33,14.82,-139.88,-38.43,-21.44
3,hook,526583223.0,6.153,-0.144,-8.188,7.13,-7.32,-135.61,-41.21,-21.79
3,hook,526588223.0,6.311,0.565,-8.978,-9.88,-20.79,-131.04,-36.9,-22.15
3,hook,526593223.0,7.25,1.03,-9.716,-22.68,-38.48,-126.28,-32.8,-22.63
3,hook,526598223.0,7.752,1.331,-10.06,-34.88,-41.65,-120.37,-28.86,-23.13
3,hook,526603223.0,8.203,1.657,-10.381,-43.11,-35.85,-117.07,-25.08,-23.6
4,hook,530638244.0,9.328,21.84,-13.412,-39.76,-59.88,26.34,131.56,-56.29
4,hook,530643245.0,8.787,23.818,-14.475,-11.65,-27.38,23.35,131.3,-55.65
4,hook,530648245.0,7.724,26.087,-15.222,17.38,9.27,23.35,131.16,-54.78
4,hook,530653245.0,6.541,28.419,-16.132,41.34,40.06,28.72,131.13,-53.71
4,hook,530658245.0,5.468,30.986,-17.023,58.41,65.24,40.79,131.17,-52.5
4,hook,530663245.0,4.3,32.571,-17.564,69.33,83.96,56.04,131.26,-51.17
4,hook,530668245.0,2.782,33.782,-17.698,72.44,92.13,68.23,131.34,-49.78
4,hook,530673245.0,0.838,34.735,-17.98,69.76,91.65,80.0,131.4,-48.36
4,hook,530678245.0,-0.517,35.54,-18.392,59.63,84.82,91.34,131.41,-46.96
4,hook,530683245.0,-1.657,36.296,-18.584,42.62,75.91,102.74,131.34,-45.6
4,hook,530688245.0,-2.705,36.473,-18.158,19.39,66.4,112.8,131.13,-44.29
4,hook,530693245.0,-4.238,35.53,-17.708,-8.72,51.83,120.61,130.8,-43.03
4,hook,530698245.0,-5.875,34.821,-16.573,-35.85,39.7,128.23,130.31,-41.8
4,hook,530703245.0,-7.815,33.739,-14.102,-61.1,28.66,145.24,129.66,-40.58
4,hook,530708245.0,-10.06,31.46,-11.085,-81.04,11.4,177.26,128.86,-39.38
4,hook,530713245.0,-11.866,28.17,-8.054,-93.29,-19.02,219.09,127.95,-38.24
4,hook,530718245.0,-12.89,24.177,-5.578,-97.44,-53.54,266.77,126.97,-37.19
4,hook,530723245.0,-13.015,19.518,-2.356,-94.57,-85.12,317.68,125.9,-36.19
4,hook,530728245.0,-12.905,13.58,-0.158,-83.96,-118.11,370.3,124.79,-35.18
4,hook,530733245.0,-11.463,5.957,0.809,-67.38,-144.33,415.49,123.61,-33.93
4,hook,530738245.0,-6.618,-3.95,-0.177,-53.96,-146.46,436.16,119.02,-32.79
4,hook,530743245.0,-0.139,-14.839,-0.919,-40.61,-133.17,404.45,114.57,-32.78
4,hook,530748245.0,2.346,-20.925,-1.949,-26.16,-102.68,315.49,110.24,-32.75
4,hook,530753245.0,1.077,-22.118,-2.016,-20.73,-71.95,205.3,106.03,-32.5
4,hook,530758245.0,-2.337,-22.951,0.436,-24.76,-60.91,113.96,102.01,-32.04
4,hook,530763245.0,-8.073,-26.293,2.409,-31.1,-83.54,64.51,98.12,-31.47
4,hook,530768245.0,-14.839,-30.095,2.921,-31.22,-129.15,54.39,94.32,-30.95
4,hook,530773245.0,-19.513,-34.022,2.078,-20.91,-171.95,90.61,90.6,-30.57
4,hook,530778245.0,-21.945,-37.962,-0.278,-2.38,-192.93,167.38,86.97,-30.31
4,hook,530783245.0,-24.277,-42.157,-2.361,15.24,-187.5,276.65,83.44,-30.02
4,hook,530788245.0,-24.373,-47.285,-5.531,14.02,-173.78,408.41,79.91,-29.73
4,hook,530793245.0,-19.532,-54.19,-7.312,-7.07,-152.8,540.67,76.32,-29.49
4,hook,530798245.0,-11.53,-62.541,-7.207,-28.84,-108.54,640.24,72.72,-29.23
4,hook,530803245.0,-1.638,-70.035,-7.029,-47.99,-41.4,680.49,69.12,-28.82
4,hook,530808245.0,8.566,-72.487,-4.63,-61.1,54.63,662.5,65.56,-28.11
4,hook,530813245.0,18.387,-68.809,-1.092,-79.88,183.35,612.13,62.04,-26.95
4,hook,530818245.0,30.531,-60.454,1.293,-109.88,342.74,539.51,58.49,-25.26
4,hook,530823245.0,49.498,-48.985,7.288,-144.7,513.05,466.65,54.98,-23.14
4,hook,530828245.0,68.512,-41.788,16.429,-189.76,632.32,405.91,51.58,-20.72
4,hook,530833245.0,72.439,-44.479,25.628,-218.17,690.18,322.13,48.27,-18.02
4,hook,530838245.0,61.847,-48.712,35.247,-187.8,691.65,150.37,45.31,-15.18
4,hook,530843245.0,39.385,-43.574,40.108,-80.43,647.5,-101.4,43.06,-12.38
4,hook,530848245.0,15.218,-26.82,42.133,65.73,551.1,-300.43,41.87,-9.77
4,hook,530853245.0,-1.269,-14.054,38.863,204.27,379.02,-376.46,41.64,-7.68
4,hook,530858245.0,-11.281,-9.682,25.843,269.94,161.46,-356.04,41.72,-6.29
4,hook,530863245.0,-16.51,-8.294,13.623,265.91,-39.94,-288.72,41.56,-5.44
4,hook,530868245.0,-14.571,-10.089,3.606,224.45,-203.11,-225.06,40.42,-5.26
4,hook,530873245.0,-9.601,-13.202,-2.6,161.71,-315.67,-183.11,38.38,-5.99
4,hook,530878245.0,-3.007,-16.707,-7.681,83.72,-369.39,-172.87,35.73,-7.49
4,hook,530883245.0,0.824,-18.455,-8.418,22.13,-355.0,-194.76,32.83,-9.13
4,hook,530888245.0,-0.369,-18.335,-5.933,-1.46,-305.79,-231.28,30.01,-10.42
4,hook,530893245.0,-2.998,-17.569,-4.19,-6.65,-249.82,-254.45,27.31,-11.25
4,hook,530898245.0,-4.927,-17.075,-2.725,-1.65,-208.78,-258.9,24.77,-11.73
4,hook,530903245.0,-6.981,-16.558,-2.768,8.96,-183.66,-257.56,22.33,-11.94
4,hook,530908245.0,-8.423,-15.112,-3.39,23.29,-163.84,-259.09,19.95,-11.94
4,hook,530913245.0,-8.226,-14.064,-3.946,35.91,-150.43,-255.18,17.61,-11.85
4,hook,530918245.0,-8.643,-12.325,-4.046,42.74,-147.07,-250.73,15.3,-11.66
4,hook,530923245.0,-8.945,-10.549,-3.773,57.01,-143.48,-243.29,13.08,-11.35
4,hook,530928245.0,-8.945,-8.274,-4.29,63.72,-148.78,-230.73,10.79,-10.98
4,hook,530933245.0,-8.854,-5.65,-5.215,54.88,-169.76,-216.16,8.19,-10.61
4,hook,530938245.0,-8.581,-4.338,-6.388,49.02,-188.41,-195.18,5.35,-10.36
4,hook,530943245.0,-7.954,-3.165,-6.986,36.77,-200.85,-172.38,2.31,-10.22
4,hook,530948245.0,-6.742,-2.059,-7.728,22.74,-210.98,-149.27,-0.93,-10.25
4,hook,530953245.0,-5.31,-1.068,-7.992,11.83,-216.65,-127.2,-4.3,-10.43
4,hook,530958245.0,-4.137,-0.235,-8.26,0.73,-223.05,-108.17,-7.78,-10.79
4,hook,530963245.0,-2.844,0.029,-9.012,-9.45,-227.99,-90.37,-4.07,-11.34
4,hook,530968245.0,-1.58,-0.168,-10.06,-17.32,-233.9,-75.67,-7.66,-12.08
4,hook,530973246.0,-0.239,-0.622,-11.439,-21.71,-234.82,-65.55,-11.15,-12.96
4,hook,530978246.0,1.25,-1.202,-12.933,-25.49,-227.26,-61.52,-14.54,-13.93
4,hook,530983246.0,2.667,-1.475,-13.834,-26.59,-211.4,-63.11,-17.86,-14.9
4,hook,530988246.0,3.658,-1.776,-14.892,-26.34,-190.0,-67.8,-21.1,-15.81
4,hook,530993246.0,4.472,-1.762,-15.256,-24.45,-156.71,-73.84,-24.26,-16.59
4,hook,530998246.0,4.764,-1.365,-15.093,-18.6,-115.43,-78.66,-27.37,-17.17
4,hook,531003246.0,4.855,-0.484,-14.801,-9.88,-73.72,-80.37,-30.43,-17.55
4,hook,531008246.0,4.865,0.412,-13.958,-5.3,-34.02,-78.9,-26.28,-17.75
4,hook,531013246.0,4.999,0.948,-12.9,0.0,-2.74,-77.26,-22.24,-17.83
4,hook,531018246.0,5.483,1.168,-11.88,1.34,19.09,-73.17,-18.3,-17.87
4,hook,531023246.0,6.139,0.977,-11.119,5.37,37.38,-70.67,-14.41,-17.91
4,hook,531028246.0,6.345,1.14,-10.228,11.83,52.8,-69.82,-10.59,-17.93
4,hook,531033246.0,6.258,1.781,-9.649,18.48,59.7,-64.27,-6.9,-17.93
4,hook,531038246.0,6.603,2.107,-9.553,24.09,56.89,-58.72,-3.29,-17.97
4,hook,531043246.0,6.814,2.61,-10.204,26.83,49.09,-51.4,0.22,-18.03
4,hook,531048246.0,7.479,2.342,-11.018,29.33,40.18,-45.24,3.72,-18.14
4,hook,531053246.0,7.954,2.562,-11.727,30.18,39.15,-41.52,7.15,-18.26
4,hook,531058246.0,8.49,2.94,-12.431,26.46,43.35,-38.84,10.47,-18.35
4,hook,531063246.0,8.978,3.553,-12.819,19.21,50.49,-39.09,13.64,-18.42
4,hook,531068246.0,9.629,3.931,-12.708,8.48,58.72,-41.1,16.67,-18.48
4,hook,531073246.0,10.376,4.199,-12.455,-5.61,67.74,-46.77,19.53,-18.54
4,hook,531078246.0,11.157,4.568,-11.784,-20.18,78.41,-56.4,22.22,-18.62
4,hook,531083246.0,11.248,4.99,-10.424,-36.52,90.91,-61.83,24.69,-18.68
4,hook,531088246.0,11.358,4.501,-8.796,-41.16,105.24,-68.66,27.05,-18.77
4,hook,531093246.0,11.08,4.788,-7.173,-44.57,115.06,-75.06,29.21,-18.88
4,hook,531098246.0,11.401,4.525,-5.923,-45.85,121.95,-74.88,31.26,-19.04
4,hook,531103246.0,11.976,4.094,-4.946,-41.65,127.74,-77.74,33.24,-19.27
4,hook,531108246.0,12.172,4.243,-3.965,-28.48,136.95,-84.02,35.09,-19.5
4,hook,531113246.0,11.875,4.683,-3.179,-15.18,143.96,-89.45,36.8,-19.7
4,hook,531118246.0,11.262,5.239,-2.528,-2.44,144.88,-91.89,38.37,-19.85
4,hook,531123246.0,10.731,5.55,-2.217,7.74,135.98,-91.77,39.87,-20.0
4,hook,531128246.0,10.252,6.206,-2.519,20.61,126.4,-90.18,41.42,-20.12
4,hook,531133246.0,9.811,6.589,-2.174,19.02,114.63,-82.26,42.85,-20.25
4,hook,531138246.0,9.27,6.948,-2.787,33.41,107.32,-76.46,44.39,-20.34
4,hook,531143246.0,9.586,6.871,-2.701,32.56,92.87,-69.57,45.89,-20.53
4,hook,531148246.0,9.807,7.159,-2.94,28.72,76.52,-69.15,47.36,-20.77
4,hook,531153246.0,10.094,7.585,-3.668,13.9,57.13,-67.26,48.8,-21.08
4,hook,531158246.0,10.19,7.618,-4.439,-0.67,43.23,-66.52,50.23,-21.43
4,hook,531163246.0,10.209,6.871,-4.788,-8.54,38.05,-67.93,51.68,-21.83
4,hook,531168246.0,10.017,6.321,-4.669,-12.68,37.32,-73.17,53.11,-22.25
4,hook,531173246.0,9.735,6.383,-4.587,-16.04,36.65,-78.9,54.48,-22.64
4,hook,531178246.0,9.419,6.819,-4.635,-17.93,36.71,-83.84,55.79,-22.99
4,hook,531183246.0,9.098,7.293,-4.635,-17.62,37.32,-86.04,57.04,-23.27
4,hook,531188246.0,8.921,7.345,-4.525,-16.1,39.82,-84.88,58.25,-23.53
4,hook,531193246.0,8.777,7.379,-4.329,-13.84,42.07,-81.83,59.43,-23.77
4,hook,531198246.0,8.619,7.441,-4.19,-9.94,41.71,-78.6,60.58,-24.0
4,hook,531203246.0,8.543,7.523,-3.888,-4.33,40.67,-74.51,61.69,-24.22
4,hook,531208246.0,8.624,7.446,-3.845,1.22,39.27,-72.2,62.81,-24.46
4,hook,531213246.0,8.605,7.336,-3.998,7.32,37.74,-71.4,63.96,-24.7
4,hook,531218246.0,8.327,7.355,-4.3,12.62,37.56,-71.4,65.15,-24.91
4,hook,531223246.0,8.064,7.432,-4.424,16.1,38.17,-69.51,66.34,-25.09
4,hook,531228246.0,8.011,7.432,-4.348,17.87,40.0,-66.65,67.51,-25.25
4,hook,531233246.0,8.006,7.288,-4.013,19.33,42.26,-61.77,68.63,-25.41
